Flight No.,Launch site,Payload,Payload mass,Orbit,Customer,Launch outcome,Version Booster,Booster landing,Date,Time
1,CCAFS,Dragon Spacecraft Qualification Unit,0,LEO,"<a href=""/wiki/SpaceX"" title=""SpaceX"">SpaceX</a>","Success
",F9 v1.0B0003.1,Failure,6 June 2021,18:45
2,CCAFS,Dragon,0,LEO,"<a href=""/wiki/NASA"" title=""NASA"">NASA</a>",Success,F9 v1.0B0003.1,Failure,4 June 2010,18:45
3,CCAFS,Dragon,525 kg,LEO,"<a href=""/wiki/NASA"" title=""NASA"">NASA</a>",Success,F9 v1.0B0003.1,"No attempt
",8 December 2010,18:45
4,CCAFS,SpaceX CRS-1,"4,700 kg",LEO,"<a href=""/wiki/NASA"" title=""NASA"">NASA</a>","Success
",F9 v1.0B0003.1,No attempt,22 May 2012,18:45
5,CCAFS,SpaceX CRS-2,"4,877 kg",LEO,"<a href=""/wiki/NASA"" title=""NASA"">NASA</a>","Success
",F9 v1.0B0004.1,"No attempt
",8 October 2012,15:43
6,VAFB,CASSIOPE,500 kg,Polar orbit,"<a href=""/wiki/Maxar_Technologies"" title=""Maxar Technologies"">MDA</a>",Success,F9 v1.0B0005.1,Uncontrolled,1 March 2013,07:44
7,CCAFS,SES-8,"3,170 kg",GTO,"<a class=""mw-redirect"" href=""/wiki/SES_S.A."" title=""SES S.A."">SES</a>",Success,F9 v1.0B0006.1,No attempt,29 September 2013,00:35
8,CCAFS,Thaicom 6,"3,325 kg",GTO,"<a href=""/wiki/Thaicom"" title=""Thaicom"">Thaicom</a>",Success,F9 v1.0B0007.1,No attempt,3 December 2013,15:10
9,Cape Canaveral,SpaceX CRS-3,"2,296 kg",LEO,"<a href=""/wiki/NASA"" title=""NASA"">NASA</a>","Success
",F9 v1.1B1003,Controlled,6 January 2014,16:00
10,Cape Canaveral,Orbcomm-OG2,"1,316 kg",LEO,"<a href=""/wiki/Orbcomm"" title=""Orbcomm"">Orbcomm</a>",Success,F9 v1.1,Controlled,18 April 2014,22:41
11,Cape Canaveral,AsiaSat 8,"4,535 kg",GTO,"<a href=""/wiki/AsiaSat"" title=""AsiaSat"">AsiaSat</a>",Success,F9 v1.1,No attempt,14 July 2014,22:06
12,Cape Canaveral,AsiaSat 6,"4,428 kg",GTO,"<a href=""/wiki/AsiaSat"" title=""AsiaSat"">AsiaSat</a>",Success,F9 v1.1,"No attempt
",5 August 2014,19:25
13,Cape Canaveral,SpaceX CRS-4,"2,216 kg",LEO,"<a href=""/wiki/NASA"" title=""NASA"">NASA</a>",Success,F9 v1.1,Uncontrolled,7 September 2014,15:15
14,Cape Canaveral,SpaceX CRS-5,"2,395 kg",LEO,"<a href=""/wiki/NASA"" title=""NASA"">NASA</a>",Success,F9 v1.1,Failure ,21 September 2014,08:00
15,Cape Canaveral,DSCOVR,570 kg,HEO,"<a href=""/wiki/United_States_Air_Force"" title=""United States Air Force"">USAF</a>","Success
",F9 v1.1,Controlled,10 January 2015,05:00
16,Cape Canaveral,ABS-3A,"4,159 kg",GTO,"<a class=""mw-redirect"" href=""/wiki/Asia_Broadcast_Satellite"" title=""Asia Broadcast Satellite"">ABS</a>","Success
",F9 v1.1,No attempt,11 February 2015,05:52
17,Cape Canaveral,SpaceX CRS-6,"1,898 kg",LEO,"<a href=""/wiki/NASA"" title=""NASA"">NASA</a>","Success
",F9 v1.1,Failure,2 March 2015,09:47
18,Cape Canaveral,TürkmenÄlem 52°E / MonacoSAT,"4,707 kg",GTO,"<a href=""/wiki/Turkmenistan_National_Space_Agency"" title=""Turkmenistan National Space Agency"">Turkmenistan National<br/>Space Agency</a>","Success
",F9 v1.1,No attempt,14 April 2015,23:03
19,Cape Canaveral,SpaceX CRS-7,"1,952 kg",LEO,"<a href=""/wiki/NASA"" title=""NASA"">NASA</a>",Failure,F9 v1.1,Precluded,27 April 2015,03:50
20,Cape Canaveral,Orbcomm-OG2,"2,034 kg",LEO,"<a href=""/wiki/Orbcomm"" title=""Orbcomm"">Orbcomm</a>","Success
",F9 v1.1,Success,28 June 2015,20:10
21,VAFB,Jason-3,553 kg,LEO,"<a href=""/wiki/NASA"" title=""NASA"">NASA</a>","Success
",F9 v1.1,Failure,22 December 2015,23:03
22,Cape Canaveral,SES-9,"5,271 kg",GTO,"<a class=""mw-redirect"" href=""/wiki/SES_S.A."" title=""SES S.A."">SES</a>","Success
",F9 v1.1,Failure,17 January 2016,14:21
23,Cape Canaveral,SpaceX CRS-8,"3,136 kg",LEO,"<a href=""/wiki/NASA"" title=""NASA"">NASA</a>",Success,F9 FT,Success,4 March 2016,01:29
24,Cape Canaveral,JCSAT-14,"4,696 kg",GTO,"<a href=""/wiki/SKY_Perfect_JSAT"" title=""SKY Perfect JSAT"">SKY Perfect JSAT Group</a>","Success
",F9 v1.1,Success,8 April 2016,18:42
25,Cape Canaveral,Thaicom 8,"3,100 kg",GTO,"<a href=""/wiki/Thaicom"" title=""Thaicom"">Thaicom</a>","Success
",F9 FT,Success,6 May 2016,23:35
26,Cape Canaveral,ABS-2A,"3,600 kg",GTO,"<a class=""mw-redirect"" href=""/wiki/Asia_Broadcast_Satellite"" title=""Asia Broadcast Satellite"">ABS</a>","Success
",F9 FT,Failure,27 May 2016,20:43
27,Cape Canaveral,SpaceX CRS-9,"2,257 kg",LEO,"<a href=""/wiki/NASA"" title=""NASA"">NASA</a>","Success
",F9 FT,Success,15 June 2016,05:21
28,Cape Canaveral,JCSAT-16,"4,600 kg",GTO,"<a class=""mw-redirect"" href=""/wiki/SKY_Perfect_JSAT_Group"" title=""SKY Perfect JSAT Group"">SKY Perfect JSAT Group</a>","Success
",F9 FT,Success,18 July 2016,21:39
29,VAFB,Iridium NEXT,"9,600 kg",Polar,"<a href=""/wiki/Iridium_Communications"" title=""Iridium Communications"">Iridium Communications</a>","Success
",F9 FT,Success,14 August 2016,14:29
30,KSC,SpaceX CRS-10,"2,490 kg",LEO,"<a href=""/wiki/NASA"" title=""NASA"">NASA</a>","Success
",F9 FT,Success,14 January 2017,04:45
31,KSC,EchoStar 23,"5,600 kg",GTO,"<a href=""/wiki/EchoStar"" title=""EchoStar"">EchoStar</a>","Success
",F9 FT,No attempt,19 February 2017,05:26
32,KSC,SES-10,"5,300 kg",GTO,"<a class=""mw-redirect"" href=""/wiki/SES_S.A."" title=""SES S.A."">SES</a>",Success,F9 FT,Success,16 March 2017,17:54
33,KSC,NROL-76,C,LEO,"<a href=""/wiki/National_Reconnaissance_Office"" title=""National Reconnaissance Office"">NRO</a>","Success
",F9 FT,Success,30 March 2017,14:39
34,KSC,Inmarsat-5 F4,"6,070 kg",GTO,"<a href=""/wiki/Inmarsat"" title=""Inmarsat"">Inmarsat</a>","Success
",F9 FT,No attempt,1 May 2017,06:00
35,KSC,SpaceX CRS-11,"2,708 kg",LEO,"<a href=""/wiki/NASA"" title=""NASA"">NASA</a>","Success
",F9 FT♺,Success,15 May 2017,22:27
36,KSC,BulgariaSat-1,"3,669 kg",GTO,"<a href=""/wiki/Bulsatcom"" title=""Bulsatcom"">Bulsatcom</a>","Success
",F9 FT,Success,3 June 2017,11:15
37,VAFB,Iridium NEXT,"9,600 kg",LEO,"<a href=""/wiki/Iridium_Communications"" title=""Iridium Communications"">Iridium Communications</a>","Success
",F9 FT,Success,23 June 2017,23:21
38,KSC,Intelsat 35e,"6,761 kg",GTO,"<a href=""/wiki/Intelsat"" title=""Intelsat"">Intelsat</a>","Success
",F9 FT,No attempt,25 June 2017,21:07
39,KSC,SpaceX CRS-12,"3,310 kg",LEO,"<a href=""/wiki/NASA"" title=""NASA"">NASA</a>","Success
",F9 FTB1029.2,Success,5 July 2017,19:10
40,VAFB,Formosat-5,475 kg,SSO,"<a class=""mw-redirect"" href=""/wiki/National_Space_Organization"" title=""National Space Organization"">NSPO</a>","Success
",F9 FT,Success,14 August 2017,20:25
41,KSC,Boeing X-37B,"4,990 kg",LEO,"<a href=""/wiki/United_States_Air_Force"" title=""United States Air Force"">USAF</a>","Success
",F9 FT,Success,24 August 2017,23:38
42,VAFB,Iridium NEXT,"9,600 kg",Polar,"<a href=""/wiki/Iridium_Communications"" title=""Iridium Communications"">Iridium Communications</a>","Success
",F9 B4,Success,7 September 2017,16:31
43,KSC,SES-11,"5,200 kg",GTO,"<a class=""mw-redirect"" href=""/wiki/SES_S.A."" title=""SES S.A."">SES S.A.</a>","Success
",F9 FT,Success,9 October 2017,18:51
44,KSC,Koreasat 5A,"3,500 kg",GTO,"<a href=""/wiki/KT_Corporation"" title=""KT Corporation"">KT Corporation</a>","Success
",F9 B4,Success,11 October 2017,14:00
45,Cape Canaveral,SpaceX CRS-13,"2,205 kg",LEO,"<a href=""/wiki/NASA"" title=""NASA"">NASA</a>","Success
",F9 B4,Success,30 October 2017,12:37
46,VAFB,Iridium NEXT,"9,600 kg",Polar,"<a href=""/wiki/Iridium_Communications"" title=""Iridium Communications"">Iridium Communications</a>",Success,F9 FTB1031.2,Controlled,15 December 2017,22:53:00
47,CCAFS,Zuma,C,LEO,"<a href=""/wiki/Northrop_Grumman"" title=""Northrop Grumman"">Northrop Grumman</a>",Success,F9 B4,Success,23 December 2017,19:34
48,CCAFS,GovSat-1,"4,230 kg",GTO,"<a class=""mw-redirect"" href=""/wiki/SES_S.A."" title=""SES S.A."">SES</a>",Success,F9 FTB1035.2,Controlled,8 January 2018,15:36
49,VAFB,Paz,"2,150 kg",SSO,"<a href=""/wiki/Hisdesat"" title=""Hisdesat"">Hisdesat</a>",Success,F9 FTB1036.2,No attempt,31 January 2018,01:27
50,CCAFS,Hispasat 30W-6,"6,092 kg",GTO,"<a href=""/wiki/Hispasat"" title=""Hispasat"">Hispasat</a>",Success,F9 B4,No attempt,22 February 2018,01:00
51,VAFB,Iridium NEXT,"9,600 kg",Polar,"<a href=""/wiki/Iridium_Communications"" title=""Iridium Communications"">Iridium Communications</a>",Success,F9 FTB1032.2,No attempt,6 March 2018,21:25
52,CCAFS,SpaceX CRS-14,"2,647 kg",LEO,"<a href=""/wiki/NASA"" title=""NASA"">NASA</a>",Success,F9 FTB1038.2,No attempt,30 March 2018,14:17
53,CCAFS,Transiting Exoplanet Survey Satellite,362 kg,HEO,"<a href=""/wiki/NASA"" title=""NASA"">NASA</a>",Success,F9 B4,Success,2 April 2018,05:33
54,KSC,Bangabandhu-1,"3,600 kg",GTO,"<a href=""/wiki/Thales_Alenia_Space"" title=""Thales Alenia Space"">Thales-Alenia</a>",Success,F9 B4B1041.2,Success,18 April 2018,14:14
55,VAFB,Iridium NEXT,"6,460 kg",Polar,"<a href=""/wiki/Iridium_Communications"" title=""Iridium Communications"">Iridium Communications</a>",Success,F9 B4B1039.2,No attempt,11 May 2018,20:30
56,CCAFS,SES-12,"5,384 kg",GTO,"<a class=""mw-redirect"" href=""/wiki/SES_S.A."" title=""SES S.A."">SES</a>",Success,F9 B4,No attempt,22 May 2018,22:51
57,CCAFS,SpaceX CRS-15,"2,697 kg",LEO,"<a href=""/wiki/NASA"" title=""NASA"">NASA</a>",Success,F9 B5B1046.1,No attempt,4 June 2018,20:14
58,CCAFS,Telstar 19V,"7,075 kg",GTO,"<a href=""/wiki/Telesat"" title=""Telesat"">Telesat</a>",Success,F9 B4B1043.2,Success,29 June 2018,19:47
59,VAFB,Iridium NEXT,"9,600 kg",Polar,"<a href=""/wiki/Iridium_Communications"" title=""Iridium Communications"">Iridium Communications</a>",Success,F9 B4B1040.2,Success,22 July 2018,04:45
60,CCAFS,Merah Putih,"5,800 kg",GTO,"<a href=""/wiki/Telkom_Indonesia"" title=""Telkom Indonesia"">Telkom Indonesia</a>",Success,F9 B4B1045.2,Success,25 July 2018,09:42
61,CCAFS,Telstar 18V,"7,060 kg",GTO,"<a href=""/wiki/Telesat"" title=""Telesat"">Telesat</a>",Success,F9 B5,Success,7 August 2018,05:50
62,VAFB,SAOCOM 1A,"3,000 kg",SSO,"<a class=""mw-redirect"" href=""/wiki/Comisi%C3%B3n_Nacional_de_Actividades_Espaciales"" title=""Comisión Nacional de Actividades Espaciales"">CONAE</a>",Success,F9 B5B1048,Success,10 September 2018,11:39
63,KSC,Es'hail 2,"5,300 kg",GTO,"<a href=""/wiki/Es%27hailSat"" title=""Es'hailSat"">Es'hailSat</a>",Success,F9 B5B1046.2,Success,8 October 2018,05:18
64,VAFB,SSO-A,"~4,000 kg",SSO,"<a href=""/wiki/Spaceflight_Industries"" title=""Spaceflight Industries"">Spaceflight Industries</a>",Success,F9 B5,Success,15 November 2018,04:45
65,CCAFS,SpaceX CRS-16,"2,500 kg",LEO,"<a href=""/wiki/NASA"" title=""NASA"">NASA</a>","Success
",F9 B5B1048.2,Failure,3 December 2018,02:22
66,CCAFS,GPS III,"4,400 kg",MEO,"<a href=""/wiki/United_States_Air_Force"" title=""United States Air Force"">USAF</a>",Success,F9 B5B1047.2,No attempt,5 December 2018,20:46
67,VAFB,Iridium NEXT,"9,600 kg",Polar,"<a href=""/wiki/Iridium_Communications"" title=""Iridium Communications"">Iridium Communications</a>","Success
",F9 B5B1046.3,Success,23 December 2018,18:34:05
68,CCAFS,Nusantara Satu,"4,850 kg",GTO,"<a href=""/wiki/PT_Pasifik_Satelit_Nusantara"" title=""PT Pasifik Satelit Nusantara"">PSN</a>","Success
",F9 B5,Success,11 January 2019,18:16
69,KSC,Crew Dragon Demo-1,"12,055 kg",LEO,"<a href=""/wiki/NASA"" title=""NASA"">NASA</a>","Success
",F9 B5,Success,22 February 2019,13:51
70,CCAFS,SpaceX CRS-17,"2,495 kg",LEO,"<a href=""/wiki/NASA"" title=""NASA"">NASA</a>","Success
",F9 B5B1049.2,Success,2 March 2019,15:31
71,CCAFS,Starlink,"13,620 kg",LEO,"<a href=""/wiki/SpaceX"" title=""SpaceX"">SpaceX</a>","Success
",F9 B5B1048.3,Success,4 May 2019,01:45
72,VAFB,RADARSAT Constellation,"4,200 kg",SSO,"<a href=""/wiki/Canadian_Space_Agency"" title=""Canadian Space Agency"">Canadian Space Agency</a>","Success
",F9 B5[268],Success,24 May 2019,07:49
73,CCAFS,SpaceX CRS-18,"2,268 kg",LEO,"<a href=""/wiki/NASA"" title=""NASA"">NASA</a>","Success
",F9 B5,Success,12 June 2019,06:48
74,CCAFS,AMOS-17,"6,500 kg",GTO,"<a href=""/wiki/Spacecom"" title=""Spacecom"">Spacecom</a>","Success
",F9 B5B1049.3,No attempt,25 July 2019,02:30
75,CCAFS,Starlink,"15,600 kg",LEO,"<a href=""/wiki/Spacecom"" title=""Spacecom"">SpaceX</a>","Success
",F9 B5B1051.2,Success,6 August 2019,14:17
76,CCAFS,SpaceX CRS-19,"2,617 kg",LEO,"<a href=""/wiki/NASA"" title=""NASA"">NASA</a>","Success
",F9 B5B1056.2,Success,11 November 2019,22:01
77,CCAFS,JCSat-18,"6,956 kg",GTO,"<a class=""mw-redirect"" href=""/wiki/SKY_Perfect_JSAT_Group"" title=""SKY Perfect JSAT Group"">Sky Perfect JSAT</a>","Success
",F9 B5B1047.3,Success,5 December 2019,23:23
78,CCAFS,Starlink,"15,600 kg",LEO,"<a href=""/wiki/SpaceX"" title=""SpaceX"">SpaceX</a>","Success
",F9 B5,Success,17 December 2019,14:56
79,KSC,Crew Dragon in-flight abort test,"12,050 kg",Sub-orbital,"<a href=""/wiki/NASA"" title=""NASA"">NASA</a>","Success
",F9 B5,"No attempt
",7 January 2020,17:29
80,CCAFS,Starlink,"15,600 kg",LEO,"<a href=""/wiki/SpaceX"" title=""SpaceX"">SpaceX</a>","Success
",F9 B5B1056.3,Success,19 January 2020,00:10
81,CCAFS,Starlink,"15,600 kg",LEO,"<a href=""/wiki/SpaceX"" title=""SpaceX"">SpaceX</a>","Success
",F9 B5,Failure,29 January 2020,02:19:21
82,CCAFS,SpaceX CRS-20,"1,977 kg",LEO,"<a href=""/wiki/NASA"" title=""NASA"">NASA</a>","Success
",F9 B5,Success,17 February 2020,15:30
83,KSC,Starlink,"15,600 kg",LEO,"<a href=""/wiki/SpaceX"" title=""SpaceX"">SpaceX</a>","Success
",F9 B5,Failure,7 March 2020,14:07
84,KSC,Starlink,"15,600 kg",LEO,"<a href=""/wiki/SpaceX"" title=""SpaceX"">SpaceX</a>","Success
",F9 B5,Success,18 March 2020,15:05
85,KSC,Crew Dragon Demo-2,"12,530 kg",LEO,"<a href=""/wiki/NASA"" title=""NASA"">NASA</a>","Success
",F9 B5,Success,22 April 2020,04:50
86,CCAFS,Starlink,"15,600 kg",LEO,"<a href=""/wiki/SpaceX"" title=""SpaceX"">SpaceX</a>","Success
",F9 B5,Success,30 May 2020,12:16
87,CCAFS,Starlink,"15,410 kg",LEO,"<a href=""/wiki/SpaceX"" title=""SpaceX"">SpaceX</a>","Success
",F9 B5,Success,4 June 2020,19:30
88,CCAFS,GPS III,"4,311 kg",MEO,"<a href=""/wiki/United_States_Space_Force"" title=""United States Space Force"">U.S. Space Force</a>","Success
",F9 B5,Success,13 June 2020,19:22
89,CCAFS,ANASIS-II,"5,000–6,000 kg",GTO,"<a href=""/wiki/Republic_of_Korea_Army"" title=""Republic of Korea Army"">Republic of Korea Army</a>","Success
",F9 B5,Success,30 June 2020,01:25
90,KSC,Starlink,"14,932 kg",LEO,"<a href=""/wiki/SpaceX"" title=""SpaceX"">SpaceX</a>","Success
",F9 B5,Success,20 July 2020,09:21
91,CCAFS,Starlink,"~15,440 kg",LEO,"<a href=""/wiki/SpaceX"" title=""SpaceX"">SpaceX</a>","Success
",F9 B5,Success,7 August 2020,20:10:46
92,CCAFS,SAOCOM 1B,"3,130 kg",SSO,"<a class=""mw-redirect"" href=""/wiki/CONAE"" title=""CONAE"">CONAE</a>","Success
",F9 B5B1058.2,Success,18 August 2020,21:30
93,KSC,Starlink,"15,600 kg",LEO,"<a href=""/wiki/SpaceX"" title=""SpaceX"">SpaceX</a>","Success
",F9 B5,Success,30 August 2020,05:12
94,KSC,Starlink,"15,600 kg",LEO,"<a href=""/wiki/SpaceX"" title=""SpaceX"">SpaceX</a>","Success
",F9 B5B1049.6,Success,3 September 2020,14:31
95,KSC,Starlink,"15,600 kg",LEO,"<a href=""/wiki/SpaceX"" title=""SpaceX"">SpaceX</a>","Success
",F9 B5,Success,6 October 2020,23:18
96,CCAFS,Starlink,"15,600 kg",LEO,"<a href=""/wiki/SpaceX"" title=""SpaceX"">SpaceX</a>","Success
",F9 B5B1060.2,Success,18 October 2020,12:46:14
97,CCAFS,GPS III,"4,311 kg",MEO,"<a href=""/wiki/United_States_Space_Force"" title=""United States Space Force"">USSF</a>","Success
",F9 B5B1058.3,Success,24 October 2020,11:29:34
98,KSC,Crew-1,"~12,500 kg",LEO,"<a href=""/wiki/NASA"" title=""NASA"">NASA</a>","Success
",F9 B5B1051.6,Success,5 November 2020,12:25:57
99,VAFB,Sentinel-6 Michael Freilich (Jason-CS A),"1,192 kg",LEO,"<a href=""/wiki/NASA"" title=""NASA"">NASA</a>","Success
",F9 B5,Success,16 November 2020,15:31:34
100,CCAFS,Starlink,"15,600 kg",LEO,"<a href=""/wiki/SpaceX"" title=""SpaceX"">SpaceX</a>","Success
",F9 B5,Success,21 November 2020,23:24:23
101,KSC,SpaceX CRS-21,"2,972 kg",LEO,"<a href=""/wiki/NASA"" title=""NASA"">NASA</a>","Success
",F9 B5,Success,25 November 2020,00:27
102,CCSFS,SXM-7,"7,000 kg",GTO,"<a href=""/wiki/Sirius_XM"" title=""Sirius XM"">Sirius XM</a>","Success
",F9 B5,Success,6 December 2020,17:17:08
103,KSC,NROL-108,C,LEO,"<a href=""/wiki/National_Reconnaissance_Office"" title=""National Reconnaissance Office"">NRO</a>","Success
",F9 B5 ♺,Success,13 December 2020,02:13
104,CCSFS,Türksat 5A,"3,500 kg",GTO,"<a href=""/wiki/T%C3%BCrksat_(company)"" title=""Türksat (company)"">Türksat</a>","Success
",F9 B5 ♺,Success,19 December 2020,16:17:08
105,KSC,Starlink,"15,600 kg",LEO,"<a href=""/wiki/SpaceX"" title=""SpaceX"">SpaceX</a>","Success
",F9 B5 ♺,Success,8 January 2021,17:30:00
106,CCSFS,Transporter-1,"~5,000 kg",SSO,,"Success
",F9 B5 ♺,Success,20 January 2021,14:00:00
107,CCSFS,Starlink,"15,600 kg",LEO,"<a href=""/wiki/SpaceX"" title=""SpaceX"">SpaceX</a>","Success
",F9 B5,Success,24 January 2021,02:15
108,CCSFS,Starlink,"15,600 kg",LEO,"<a href=""/wiki/SpaceX"" title=""SpaceX"">SpaceX</a>","Success
",F9 B5B1051.8,Failure,4 February 2021,13:02
109,KSC,Starlink,"15,600 kg",LEO,"<a href=""/wiki/SpaceX"" title=""SpaceX"">SpaceX</a>","Success
",F9 B5B1058.5,Success,16 February 2021,15:00
110,CCSFS,Starlink,"15,600 kg",LEO,"<a href=""/wiki/SpaceX"" title=""SpaceX"">SpaceX</a>","Success
",F9 B5 ♺,Success,4 March 2021,06:19
111,KSC,Starlink,"15,600 kg",LEO,"<a href=""/wiki/SpaceX"" title=""SpaceX"">SpaceX</a>","Success
",F9 B5 ♺,Success,11 March 2021,03:59:37
112,CCSFS,Starlink,"15,600 kg",LEO,"<a href=""/wiki/SpaceX"" title=""SpaceX"">SpaceX</a>","Success
",F9 B5 ♺,Success,14 March 2021,08:24
113,CCSFS,Starlink,"15,600 kg",LEO,"<a href=""/wiki/SpaceX"" title=""SpaceX"">SpaceX</a>","Success
",F9 B5 ♺,Success,24 March 2021,08:13:29
114,KSC,Crew-2,"~13,000 kg",LEO,"<a href=""/wiki/NASA"" title=""NASA"">NASA</a>","Success
",F9 B5 ♺,Success,7 April 2021,10:01
115,CCSFS,Starlink,"15,600 kg",LEO,"<a href=""/wiki/SpaceX"" title=""SpaceX"">SpaceX</a>","Success
",F9 B5B1060.6,Success,23 April 2021,08:28
116,KSC,Starlink,"15,600 kg",LEO,"<a href=""/wiki/SpaceX"" title=""SpaceX"">SpaceX</a>","Success
",F9 B5 ♺,Success,29 April 2021,16:34
117,CCSFS,Starlink,"15,600 kg",LEO,"<a href=""/wiki/SpaceX"" title=""SpaceX"">SpaceX</a>","Success
",F9 B5B1061.2,Success,4 May 2021,9:49
118,KSC,Starlink,"~14,000 kg",LEO,"<a href=""/wiki/SpaceX"" title=""SpaceX"">SpaceX</a>","Success
",F9 B5B1060.7,Success,9 May 2021,03:44
119,CCSFS,Starlink,"15,600 kg",LEO,"<a href=""/wiki/SpaceX"" title=""SpaceX"">SpaceX</a>","Success
",F9 B5B1049.9,Success,15 May 2021,19:01
120,KSC,SpaceX CRS-22,"3,328 kg",LEO,"<a href=""/wiki/NASA"" title=""NASA"">NASA</a>","Success
",F9 B5B1051.10,Success,26 May 2021,06:42
121,CCSFS,SXM-8,"7,000 kg",GTO,"<a href=""/wiki/Sirius_XM"" title=""Sirius XM"">Sirius XM</a>","Success
",F9 B5B1058.8,Success,3 June 2021,22:56
1,,,,,,,F9 B5B1063.2,,4 June 2010,18:59
2,,,,,,,F9 B5B1067.1,,8 December 2010,17:29
3,,,,,,,F9 B5,,22 May 2012,04:26
4,,,,,,,,,8 October 2012,
5,,,,,,,,,1 March 2013,
6,,,,,,,,,29 September 2013,
7,,,,,,,,,3 December 2013,
8,,,,,,,,,6 January 2014,
9,,,,,,,,,18 April 2014,
10,,,,,,,,,14 July 2014,
11,,,,,,,,,5 August 2014,
12,,,,,,,,,7 September 2014,
13,,,,,,,,,21 September 2014,
14,,,,,,,,,10 January 2015,
15,,,,,,,,,11 February 2015,
16,,,,,,,,,2 March 2015,
17,,,,,,,,,14 April 2015,
18,,,,,,,,,27 April 2015,
19,,,,,,,,,28 June 2015,
20,,,,,,,,,22 December 2015,
21,,,,,,,,,17 January 2016,
22,,,,,,,,,4 March 2016,
23,,,,,,,,,8 April 2016,
24,,,,,,,,,6 May 2016,
25,,,,,,,,,27 May 2016,
26,,,,,,,,,15 June 2016,
27,,,,,,,,,18 July 2016,
28,,,,,,,,,14 August 2016,
29,,,,,,,,,14 January 2017,
30,,,,,,,,,19 February 2017,
31,,,,,,,,,16 March 2017,
32,,,,,,,,,30 March 2017,
33,,,,,,,,,1 May 2017,
34,,,,,,,,,15 May 2017,
35,,,,,,,,,3 June 2017,
36,,,,,,,,,23 June 2017,
37,,,,,,,,,25 June 2017,
38,,,,,,,,,5 July 2017,
39,,,,,,,,,14 August 2017,
40,,,,,,,,,24 August 2017,
41,,,,,,,,,7 September 2017,
42,,,,,,,,,9 October 2017,
43,,,,,,,,,11 October 2017,
44,,,,,,,,,30 October 2017,
45,,,,,,,,,15 December 2017,
46,,,,,,,,,23 December 2017,
47,,,,,,,,,8 January 2018,
48,,,,,,,,,31 January 2018,
49,,,,,,,,,22 February 2018,
50,,,,,,,,,6 March 2018,
51,,,,,,,,,30 March 2018,
52,,,,,,,,,2 April 2018,
53,,,,,,,,,18 April 2018,
54,,,,,,,,,11 May 2018,
55,,,,,,,,,22 May 2018,
56,,,,,,,,,4 June 2018,
57,,,,,,,,,29 June 2018,
58,,,,,,,,,22 July 2018,
59,,,,,,,,,25 July 2018,
60,,,,,,,,,7 August 2018,
61,,,,,,,,,10 September 2018,
62,,,,,,,,,8 October 2018,
63,,,,,,,,,15 November 2018,
64,,,,,,,,,3 December 2018,
65,,,,,,,,,5 December 2018,
66,,,,,,,,,23 December 2018,
67,,,,,,,,,11 January 2019,
68,,,,,,,,,22 February 2019,
69,,,,,,,,,2 March 2019,
70,,,,,,,,,4 May 2019,
71,,,,,,,,,24 May 2019,
72,,,,,,,,,12 June 2019,
73,,,,,,,,,25 July 2019,
74,,,,,,,,,6 August 2019,
75,,,,,,,,,11 November 2019,
76,,,,,,,,,5 December 2019,
77,,,,,,,,,17 December 2019,
78,,,,,,,,,7 January 2020,
79,,,,,,,,,19 January 2020,
80,,,,,,,,,29 January 2020,
81,,,,,,,,,17 February 2020,
82,,,,,,,,,7 March 2020,
83,,,,,,,,,18 March 2020,
84,,,,,,,,,22 April 2020,
85,,,,,,,,,30 May 2020,
86,,,,,,,,,4 June 2020,
87,,,,,,,,,13 June 2020,
88,,,,,,,,,30 June 2020,
89,,,,,,,,,20 July 2020,
90,,,,,,,,,7 August 2020,
91,,,,,,,,,18 August 2020,
92,,,,,,,,,30 August 2020,
93,,,,,,,,,3 September 2020,
94,,,,,,,,,6 October 2020,
95,,,,,,,,,18 October 2020,
96,,,,,,,,,24 October 2020,
97,,,,,,,,,5 November 2020,
98,,,,,,,,,16 November 2020,
99,,,,,,,,,21 November 2020,
100,,,,,,,,,25 November 2020,
101,,,,,,,,,6 December 2020,
102,,,,,,,,,13 December 2020,
103,,,,,,,,,19 December 2020,
104,,,,,,,,,8 January 2021,
105,,,,,,,,,20 January 2021,
106,,,,,,,,,24 January 2021,
107,,,,,,,,,4 February 2021,
108,,,,,,,,,16 February 2021,
109,,,,,,,,,4 March 2021,
110,,,,,,,,,11 March 2021,
111,,,,,,,,,14 March 2021,
112,,,,,,,,,24 March 2021,
113,,,,,,,,,7 April 2021,
114,,,,,,,,,23 April 2021,
115,,,,,,,,,29 April 2021,
116,,,,,,,,,4 May 2021,
117,,,,,,,,,9 May 2021,
118,,,,,,,,,15 May 2021,
119,,,,,,,,,26 May 2021,
120,,,,,,,,,3 June 2021,
121,,,,,,,,,6 June 2021,
1,,,,,,,,,4 June 2010,
2,,,,,,,,,4 June 2010,
3,,,,,,,,,4 June 2010,
4,,,,,,,,,4 June 2010,
5,,,,,,,,,8 December 2010,
6,,,,,,,,,22 May 2012,
7,,,,,,,,,8 October 2012,
8,,,,,,,,,1 March 2013,
9,,,,,,,,,29 September 2013,
10,,,,,,,,,3 December 2013,
11,,,,,,,,,6 January 2014,
12,,,,,,,,,18 April 2014,
13,,,,,,,,,14 July 2014,
14,,,,,,,,,5 August 2014,
15,,,,,,,,,7 September 2014,
16,,,,,,,,,21 September 2014,
17,,,,,,,,,10 January 2015,
18,,,,,,,,,11 February 2015,
19,,,,,,,,,2 March 2015,
20,,,,,,,,,14 April 2015,
21,,,,,,,,,27 April 2015,
22,,,,,,,,,28 June 2015,
23,,,,,,,,,22 December 2015,
24,,,,,,,,,17 January 2016,
25,,,,,,,,,4 March 2016,
26,,,,,,,,,8 April 2016,
27,,,,,,,,,6 May 2016,
28,,,,,,,,,27 May 2016,
29,,,,,,,,,15 June 2016,
30,,,,,,,,,18 July 2016,
31,,,,,,,,,14 August 2016,
32,,,,,,,,,14 January 2017,
33,,,,,,,,,19 February 2017,
34,,,,,,,,,16 March 2017,
35,,,,,,,,,30 March 2017,
36,,,,,,,,,1 May 2017,
37,,,,,,,,,15 May 2017,
38,,,,,,,,,3 June 2017,
39,,,,,,,,,23 June 2017,
40,,,,,,,,,25 June 2017,
41,,,,,,,,,5 July 2017,
42,,,,,,,,,14 August 2017,
43,,,,,,,,,24 August 2017,
44,,,,,,,,,7 September 2017,
45,,,,,,,,,9 October 2017,
46,,,,,,,,,11 October 2017,
47,,,,,,,,,30 October 2017,
48,,,,,,,,,15 December 2017,
49,,,,,,,,,23 December 2017,
50,,,,,,,,,8 January 2018,
51,,,,,,,,,31 January 2018,
52,,,,,,,,,22 February 2018,
53,,,,,,,,,6 March 2018,
54,,,,,,,,,30 March 2018,
55,,,,,,,,,2 April 2018,
56,,,,,,,,,18 April 2018,
57,,,,,,,,,11 May 2018,
58,,,,,,,,,22 May 2018,
59,,,,,,,,,4 June 2018,
60,,,,,,,,,29 June 2018,
61,,,,,,,,,22 July 2018,
62,,,,,,,,,25 July 2018,
63,,,,,,,,,7 August 2018,
64,,,,,,,,,10 September 2018,
65,,,,,,,,,8 October 2018,
66,,,,,,,,,15 November 2018,
67,,,,,,,,,3 December 2018,
68,,,,,,,,,5 December 2018,
69,,,,,,,,,23 December 2018,
70,,,,,,,,,11 January 2019,
71,,,,,,,,,22 February 2019,
72,,,,,,,,,2 March 2019,
73,,,,,,,,,4 May 2019,
74,,,,,,,,,24 May 2019,
75,,,,,,,,,12 June 2019,
76,,,,,,,,,25 July 2019,
77,,,,,,,,,6 August 2019,
78,,,,,,,,,11 November 2019,
79,,,,,,,,,5 December 2019,
80,,,,,,,,,17 December 2019,
81,,,,,,,,,7 January 2020,
82,,,,,,,,,19 January 2020,
83,,,,,,,,,29 January 2020,
84,,,,,,,,,17 February 2020,
85,,,,,,,,,7 March 2020,
86,,,,,,,,,18 March 2020,
87,,,,,,,,,22 April 2020,
88,,,,,,,,,30 May 2020,
89,,,,,,,,,4 June 2020,
90,,,,,,,,,13 June 2020,
91,,,,,,,,,30 June 2020,
92,,,,,,,,,20 July 2020,
93,,,,,,,,,7 August 2020,
94,,,,,,,,,18 August 2020,
95,,,,,,,,,30 August 2020,
96,,,,,,,,,3 September 2020,
97,,,,,,,,,6 October 2020,
98,,,,,,,,,18 October 2020,
99,,,,,,,,,24 October 2020,
100,,,,,,,,,5 November 2020,
101,,,,,,,,,16 November 2020,
102,,,,,,,,,21 November 2020,
103,,,,,,,,,25 November 2020,
104,,,,,,,,,6 December 2020,
105,,,,,,,,,13 December 2020,
106,,,,,,,,,19 December 2020,
107,,,,,,,,,8 January 2021,
108,,,,,,,,,20 January 2021,
109,,,,,,,,,24 January 2021,
110,,,,,,,,,4 February 2021,
111,,,,,,,,,16 February 2021,
112,,,,,,,,,4 March 2021,
113,,,,,,,,,11 March 2021,
114,,,,,,,,,14 March 2021,
115,,,,,,,,,24 March 2021,
116,,,,,,,,,7 April 2021,
117,,,,,,,,,23 April 2021,
118,,,,,,,,,29 April 2021,
119,,,,,,,,,4 May 2021,
120,,,,,,,,,9 May 2021,
121,,,,,,,,,15 May 2021,
1,,,,,,,,,26 May 2021,
1,,,,,,,,,3 June 2021,
1,,,,,,,,,6 June 2021,
1,,,,,,,,,,
2,,,,,,,,,,
3,,,,,,,,,,
4,,,,,,,,,,
5,,,,,,,,,,
6,,,,,,,,,,
7,,,,,,,,,,
8,,,,,,,,,,
9,,,,,,,,,,
10,,,,,,,,,,
11,,,,,,,,,,
12,,,,,,,,,,
13,,,,,,,,,,
14,,,,,,,,,,
15,,,,,,,,,,
16,,,,,,,,,,
17,,,,,,,,,,
18,,,,,,,,,,
19,,,,,,,,,,
20,,,,,,,,,,
21,,,,,,,,,,
22,,,,,,,,,,
23,,,,,,,,,,
24,,,,,,,,,,
25,,,,,,,,,,
26,,,,,,,,,,
27,,,,,,,,,,
28,,,,,,,,,,
29,,,,,,,,,,
30,,,,,,,,,,
31,,,,,,,,,,
32,,,,,,,,,,
33,,,,,,,,,,
34,,,,,,,,,,
35,,,,,,,,,,
36,,,,,,,,,,
37,,,,,,,,,,
38,,,,,,,,,,
39,,,,,,,,,,
40,,,,,,,,,,
41,,,,,,,,,,
42,,,,,,,,,,
43,,,,,,,,,,
44,,,,,,,,,,
45,,,,,,,,,,
46,,,,,,,,,,
47,,,,,,,,,,
48,,,,,,,,,,
49,,,,,,,,,,
50,,,,,,,,,,
51,,,,,,,,,,
52,,,,,,,,,,
53,,,,,,,,,,
54,,,,,,,,,,
55,,,,,,,,,,
56,,,,,,,,,,
57,,,,,,,,,,
58,,,,,,,,,,
59,,,,,,,,,,
60,,,,,,,,,,
61,,,,,,,,,,
62,,,,,,,,,,
63,,,,,,,,,,
64,,,,,,,,,,
65,,,,,,,,,,
66,,,,,,,,,,
67,,,,,,,,,,
68,,,,,,,,,,
69,,,,,,,,,,
70,,,,,,,,,,
71,,,,,,,,,,
72,,,,,,,,,,
73,,,,,,,,,,
74,,,,,,,,,,
75,,,,,,,,,,
76,,,,,,,,,,
77,,,,,,,,,,
78,,,,,,,,,,
79,,,,,,,,,,
80,,,,,,,,,,
81,,,,,,,,,,
82,,,,,,,,,,
83,,,,,,,,,,
84,,,,,,,,,,
85,,,,,,,,,,
86,,,,,,,,,,
87,,,,,,,,,,
88,,,,,,,,,,
89,,,,,,,,,,
90,,,,,,,,,,
91,,,,,,,,,,
92,,,,,,,,,,
93,,,,,,,,,,
94,,,,,,,,,,
95,,,,,,,,,,
96,,,,,,,,,,
97,,,,,,,,,,
98,,,,,,,,,,
99,,,,,,,,,,
100,,,,,,,,,,
101,,,,,,,,,,
102,,,,,,,,,,
103,,,,,,,,,,
104,,,,,,,,,,
105,,,,,,,,,,
106,,,,,,,,,,
107,,,,,,,,,,
108,,,,,,,,,,
109,,,,,,,,,,
110,,,,,,,,,,
111,,,,,,,,,,
112,,,,,,,,,,
113,,,,,,,,,,
114,,,,,,,,,,
115,,,,,,,,,,
116,,,,,,,,,,
117,,,,,,,,,,
118,,,,,,,,,,
119,,,,,,,,,,
120,,,,,,,,,,
121,,,,,,,,,,
